file,score_5,folder_label,age_band,gender,source
Disengagement__11-15-Years__Boy__DISENG_11_15_BOY_135.jpg,3,Disengagement,11-15 Years,Boy,labeling/images/Final Dataset 256/Final Dataset 256/Disengagement/11-15 Years/Boy/DISENG_11_15_BOY_135.jpg
Disengagement__11-15-Years__Boy__DISENG_11_15_BOY_226.jpg,4,Disengagement,11-15 Years,Boy,labeling/images/Final Dataset 256/Final Dataset 256/Disengagement/11-15 Years/Boy/DISENG_11_15_BOY_226.jpg
Disengagement__11-15-Years__Boy__DISENG_11_15_BOY_227.jpg,3,Disengagement,11-15 Years,Boy,labeling/images/Final Dataset 256/Final Dataset 256/Disengagement/11-15 Years/Boy/DISENG_11_15_BOY_227.jpg
Disengagement__11-15-Years__Boy__DISENG_11_15_BOY_3.jpg,3,Disengagement,11-15 Years,Boy,labeling/images/Final Dataset 256/Final Dataset 256/Disengagement/11-15 Years/Boy/DISENG_11_15_BOY_3.jpg
Disengagement__11-15-Years__Boy__DISENG_11_15_BOY_337.jpg,1,Disengagement,11-15 Years,Boy,labeling/images/Final Dataset 256/Final Dataset 256/Disengagement/11-15 Years/Boy/DISENG_11_15_BOY_337.jpg
Disengagement__11-15-Years__Boy__DISENG_11_15_BOY_358.jpg,4,Disengagement,11-15 Years,Boy,labeling/images/Final Dataset 256/Final Dataset 256/Disengagement/11-15 Years/Boy/DISENG_11_15_BOY_358.jpg
Disengagement__11-15-Years__Boy__DISENG_11_15_BOY_378.jpg,2,Disengagement,11-15 Years,Boy,labeling/images/Final Dataset 256/Final Dataset 256/Disengagement/11-15 Years/Boy/DISENG_11_15_BOY_378.jpg
Disengagement__11-15-Years__Boy__DISENG_11_15_BOY_428.jpg,1,Disengagement,11-15 Years,Boy,labeling/images/Final Dataset 256/Final Dataset 256/Disengagement/11-15 Years/Boy/DISENG_11_15_BOY_428.jpg
Disengagement__11-15-Years__Boy__DISENG_11_15_BOY_453.jpg,1,Disengagement,11-15 Years,Boy,labeling/images/Final Dataset 256/Final Dataset 256/Disengagement/11-15 Years/Boy/DISENG_11_15_BOY_453.jpg
Disengagement__11-15-Years__Boy__DISENG_11_15_BOY_471.jpg,1,Disengagement,11-15 Years,Boy,labeling/images/Final Dataset 256/Final Dataset 256/Disengagement/11-15 Years/Boy/DISENG_11_15_BOY_471.jpg
Disengagement__11-15-Years__Boy__DISENG_11_15_BOY_486.jpg,1,Disengagement,11-15 Years,Boy,labeling/images/Final Dataset 256/Final Dataset 256/Disengagement/11-15 Years/Boy/DISENG_11_15_BOY_486.jpg
Disengagement__11-15-Years__Boy__DISENG_11_15_BOY_538.jpg,1,Disengagement,11-15 Years,Boy,labeling/images/Final Dataset 256/Final Dataset 256/Disengagement/11-15 Years/Boy/DISENG_11_15_BOY_538.jpg
Disengagement__11-15-Years__Boy__DISENG_11_15_BOY_546.jpg,1,Disengagement,11-15 Years,Boy,labeling/images/Final Dataset 256/Final Dataset 256/Disengagement/11-15 Years/Boy/DISENG_11_15_BOY_546.jpg
Disengagement__11-15-Years__Boy__DISENG_11_15_BOY_563.jpg,1,Disengagement,11-15 Years,Boy,labeling/images/Final Dataset 256/Final Dataset 256/Disengagement/11-15 Years/Boy/DISENG_11_15_BOY_563.jpg
Disengagement__11-15-Years__Boy__DISENG_11_15_BOY_57.jpg,3,Disengagement,11-15 Years,Boy,labeling/images/Final Dataset 256/Final Dataset 256/Disengagement/11-15 Years/Boy/DISENG_11_15_BOY_57.jpg
Disengagement__11-15-Years__Boy__DISENG_11_15_BOY_636.jpg,2,Disengagement,11-15 Years,Boy,labeling/images/Final Dataset 256/Final Dataset 256/Disengagement/11-15 Years/Boy/DISENG_11_15_BOY_636.jpg
Disengagement__11-15-Years__Boy__DISENG_11_15_BOY_795.jpg,1,Disengagement,11-15 Years,Boy,labeling/images/Final Dataset 256/Final Dataset 256/Disengagement/11-15 Years/Boy/DISENG_11_15_BOY_795.jpg
Disengagement__11-15-Years__Boy__DISENG_11_15_BOY_798.jpg,1,Disengagement,11-15 Years,Boy,labeling/images/Final Dataset 256/Final Dataset 256/Disengagement/11-15 Years/Boy/DISENG_11_15_BOY_798.jpg
Disengagement__11-15-Years__Boy__DISENG_11_15_BOY_820.jpg,1,Disengagement,11-15 Years,Boy,labeling/images/Final Dataset 256/Final Dataset 256/Disengagement/11-15 Years/Boy/DISENG_11_15_BOY_820.jpg
Disengagement__11-15-Years__Boy__DISENG_11_15_BOY_863.jpg,1,Disengagement,11-15 Years,Boy,labeling/images/Final Dataset 256/Final Dataset 256/Disengagement/11-15 Years/Boy/DISENG_11_15_BOY_863.jpg
Disengagement__11-15-Years__Boy__DISENG_11_15_BOY_877.jpg,1,Disengagement,11-15 Years,Boy,labeling/images/Final Dataset 256/Final Dataset 256/Disengagement/11-15 Years/Boy/DISENG_11_15_BOY_877.jpg
Disengagement__11-15-Years__Boy__DISENG_11_15_BOY_919.jpg,1,Disengagement,11-15 Years,Boy,labeling/images/Final Dataset 256/Final Dataset 256/Disengagement/11-15 Years/Boy/DISENG_11_15_BOY_919.jpg
Disengagement__11-15-Years__Boy__DISENG_11_15_BOY_920.jpg,1,Disengagement,11-15 Years,Boy,labeling/images/Final Dataset 256/Final Dataset 256/Disengagement/11-15 Years/Boy/DISENG_11_15_BOY_920.jpg
Disengagement__11-15-Years__Boy__DISENG_11_15_BOY_935.jpg,1,Disengagement,11-15 Years,Boy,labeling/images/Final Dataset 256/Final Dataset 256/Disengagement/11-15 Years/Boy/DISENG_11_15_BOY_935.jpg
Disengagement__11-15-Years__Boy__DISENG_11_15_BOY_945.jpg,1,Disengagement,11-15 Years,Boy,labeling/images/Final Dataset 256/Final Dataset 256/Disengagement/11-15 Years/Boy/DISENG_11_15_BOY_945.jpg
Disengagement__11-15-Years__Boy__DISENG_11_15_BOY_989.jpg,1,Disengagement,11-15 Years,Boy,labeling/images/Final Dataset 256/Final Dataset 256/Disengagement/11-15 Years/Boy/DISENG_11_15_BOY_989.jpg
Disengagement__11-15-Years__Boy__DISENG_11_15_BOY_991.jpg,1,Disengagement,11-15 Years,Boy,labeling/images/Final Dataset 256/Final Dataset 256/Disengagement/11-15 Years/Boy/DISENG_11_15_BOY_991.jpg
Disengagement__11-15-Years__Girl__DISENG_11_15_GIRL_166.jpg,3,Disengagement,11-15 Years,Girl,labeling/images/Final Dataset 256/Final Dataset 256/Disengagement/11-15 Years/Girl/DISENG_11_15_GIRL_166.jpg
Disengagement__11-15-Years__Girl__DISENG_11_15_GIRL_186.jpg,3,Disengagement,11-15 Years,Girl,labeling/images/Final Dataset 256/Final Dataset 256/Disengagement/11-15 Years/Girl/DISENG_11_15_GIRL_186.jpg
Disengagement__11-15-Years__Girl__DISENG_11_15_GIRL_19.jpg,1,Disengagement,11-15 Years,Girl,labeling/images/Final Dataset 256/Final Dataset 256/Disengagement/11-15 Years/Girl/DISENG_11_15_GIRL_19.jpg
Disengagement__11-15-Years__Girl__DISENG_11_15_GIRL_191.jpg,4,Disengagement,11-15 Years,Girl,labeling/images/Final Dataset 256/Final Dataset 256/Disengagement/11-15 Years/Girl/DISENG_11_15_GIRL_191.jpg
Disengagement__11-15-Years__Girl__DISENG_11_15_GIRL_233.jpg,4,Disengagement,11-15 Years,Girl,labeling/images/Final Dataset 256/Final Dataset 256/Disengagement/11-15 Years/Girl/DISENG_11_15_GIRL_233.jpg
Disengagement__11-15-Years__Girl__DISENG_11_15_GIRL_329.jpg,4,Disengagement,11-15 Years,Girl,labeling/images/Final Dataset 256/Final Dataset 256/Disengagement/11-15 Years/Girl/DISENG_11_15_GIRL_329.jpg
Disengagement__11-15-Years__Girl__DISENG_11_15_GIRL_384.jpg,4,Disengagement,11-15 Years,Girl,labeling/images/Final Dataset 256/Final Dataset 256/Disengagement/11-15 Years/Girl/DISENG_11_15_GIRL_384.jpg
Disengagement__11-15-Years__Girl__DISENG_11_15_GIRL_39.jpg,3,Disengagement,11-15 Years,Girl,labeling/images/Final Dataset 256/Final Dataset 256/Disengagement/11-15 Years/Girl/DISENG_11_15_GIRL_39.jpg
Disengagement__11-15-Years__Girl__DISENG_11_15_GIRL_402.jpg,4,Disengagement,11-15 Years,Girl,labeling/images/Final Dataset 256/Final Dataset 256/Disengagement/11-15 Years/Girl/DISENG_11_15_GIRL_402.jpg
Disengagement__11-15-Years__Girl__DISENG_11_15_GIRL_424.jpg,4,Disengagement,11-15 Years,Girl,labeling/images/Final Dataset 256/Final Dataset 256/Disengagement/11-15 Years/Girl/DISENG_11_15_GIRL_424.jpg
Disengagement__11-15-Years__Girl__DISENG_11_15_GIRL_499.jpg,4,Disengagement,11-15 Years,Girl,labeling/images/Final Dataset 256/Final Dataset 256/Disengagement/11-15 Years/Girl/DISENG_11_15_GIRL_499.jpg
Disengagement__11-15-Years__Girl__DISENG_11_15_GIRL_533.jpg,2,Disengagement,11-15 Years,Girl,labeling/images/Final Dataset 256/Final Dataset 256/Disengagement/11-15 Years/Girl/DISENG_11_15_GIRL_533.jpg
Disengagement__11-15-Years__Girl__DISENG_11_15_GIRL_59.jpg,2,Disengagement,11-15 Years,Girl,labeling/images/Final Dataset 256/Final Dataset 256/Disengagement/11-15 Years/Girl/DISENG_11_15_GIRL_59.jpg
Disengagement__11-15-Years__Girl__DISENG_11_15_GIRL_614.jpg,3,Disengagement,11-15 Years,Girl,labeling/images/Final Dataset 256/Final Dataset 256/Disengagement/11-15 Years/Girl/DISENG_11_15_GIRL_614.jpg
Disengagement__11-15-Years__Girl__DISENG_11_15_GIRL_653.jpg,5,Disengagement,11-15 Years,Girl,labeling/images/Final Dataset 256/Final Dataset 256/Disengagement/11-15 Years/Girl/DISENG_11_15_GIRL_653.jpg
Disengagement__11-15-Years__Girl__DISENG_11_15_GIRL_661.jpg,4,Disengagement,11-15 Years,Girl,labeling/images/Final Dataset 256/Final Dataset 256/Disengagement/11-15 Years/Girl/DISENG_11_15_GIRL_661.jpg
Disengagement__11-15-Years__Girl__DISENG_11_15_GIRL_669.jpg,4,Disengagement,11-15 Years,Girl,labeling/images/Final Dataset 256/Final Dataset 256/Disengagement/11-15 Years/Girl/DISENG_11_15_GIRL_669.jpg
Disengagement__11-15-Years__Girl__DISENG_11_15_GIRL_689.jpg,4,Disengagement,11-15 Years,Girl,labeling/images/Final Dataset 256/Final Dataset 256/Disengagement/11-15 Years/Girl/DISENG_11_15_GIRL_689.jpg
Disengagement__11-15-Years__Girl__DISENG_11_15_GIRL_729.jpg,4,Disengagement,11-15 Years,Girl,labeling/images/Final Dataset 256/Final Dataset 256/Disengagement/11-15 Years/Girl/DISENG_11_15_GIRL_729.jpg
Disengagement__11-15-Years__Girl__DISENG_11_15_GIRL_749.jpg,2,Disengagement,11-15 Years,Girl,labeling/images/Final Dataset 256/Final Dataset 256/Disengagement/11-15 Years/Girl/DISENG_11_15_GIRL_749.jpg
Disengagement__11-15-Years__Girl__DISENG_11_15_GIRL_771.jpg,3,Disengagement,11-15 Years,Girl,labeling/images/Final Dataset 256/Final Dataset 256/Disengagement/11-15 Years/Girl/DISENG_11_15_GIRL_771.jpg
Disengagement__11-15-Years__Girl__DISENG_11_15_GIRL_835.jpg,4,Disengagement,11-15 Years,Girl,labeling/images/Final Dataset 256/Final Dataset 256/Disengagement/11-15 Years/Girl/DISENG_11_15_GIRL_835.jpg
Disengagement__11-15-Years__Girl__DISENG_11_15_GIRL_845.jpg,3,Disengagement,11-15 Years,Girl,labeling/images/Final Dataset 256/Final Dataset 256/Disengagement/11-15 Years/Girl/DISENG_11_15_GIRL_845.jpg
Disengagement__11-15-Years__Girl__DISENG_11_15_GIRL_882.jpg,2,Disengagement,11-15 Years,Girl,labeling/images/Final Dataset 256/Final Dataset 256/Disengagement/11-15 Years/Girl/DISENG_11_15_GIRL_882.jpg
Disengagement__11-15-Years__Girl__DISENG_11_15_GIRL_927.jpg,3,Disengagement,11-15 Years,Girl,labeling/images/Final Dataset 256/Final Dataset 256/Disengagement/11-15 Years/Girl/DISENG_11_15_GIRL_927.jpg
Disengagement__11-15-Years__Girl__DISENG_11_15_GIRL_93.jpg,1,Disengagement,11-15 Years,Girl,labeling/images/Final Dataset 256/Final Dataset 256/Disengagement/11-15 Years/Girl/DISENG_11_15_GIRL_93.jpg
Disengagement__11-15-Years__Girl__DISENG_11_15_GIRL_937.jpg,3,Disengagement,11-15 Years,Girl,labeling/images/Final Dataset 256/Final Dataset 256/Disengagement/11-15 Years/Girl/DISENG_11_15_GIRL_937.jpg
Disengagement__16-21-Years__Boy__DISENG_16_21_BOY_2.jpg,1,Disengagement,16-21 Years,Boy,labeling/images/Final Dataset 256/Final Dataset 256/Disengagement/16-21 Years/Boy/DISENG_16_21_BOY_2.jpg
Disengagement__16-21-Years__Boy__DISENG_16_21_BOY_414.jpg,1,Disengagement,16-21 Years,Boy,labeling/images/Final Dataset 256/Final Dataset 256/Disengagement/16-21 Years/Boy/DISENG_16_21_BOY_414.jpg
Disengagement__16-21-Years__Boy__DISENG_16_21_BOY_490.jpg,1,Disengagement,16-21 Years,Boy,labeling/images/Final Dataset 256/Final Dataset 256/Disengagement/16-21 Years/Boy/DISENG_16_21_BOY_490.jpg
Disengagement__16-21-Years__Boy__DISENG_16_21_BOY_763.jpg,2,Disengagement,16-21 Years,Boy,labeling/images/Final Dataset 256/Final Dataset 256/Disengagement/16-21 Years/Boy/DISENG_16_21_BOY_763.jpg
Disengagement__16-21-Years__Boy__DISENG_16_21_BOY_823.jpg,1,Disengagement,16-21 Years,Boy,labeling/images/Final Dataset 256/Final Dataset 256/Disengagement/16-21 Years/Boy/DISENG_16_21_BOY_823.jpg
Disengagement__16-21-Years__Boy__DISENG_16_21_BOY_884.jpg,1,Disengagement,16-21 Years,Boy,labeling/images/Final Dataset 256/Final Dataset 256/Disengagement/16-21 Years/Boy/DISENG_16_21_BOY_884.jpg
Disengagement__16-21-Years__Boy__DISENG_16_21_BOY_930.jpg,1,Disengagement,16-21 Years,Boy,labeling/images/Final Dataset 256/Final Dataset 256/Disengagement/16-21 Years/Boy/DISENG_16_21_BOY_930.jpg
Disengagement__16-21-Years__Boy__DISENG_16_21_BOY_937.jpg,2,Disengagement,16-21 Years,Boy,labeling/images/Final Dataset 256/Final Dataset 256/Disengagement/16-21 Years/Boy/DISENG_16_21_BOY_937.jpg
Disengagement__16-21-Years__Girl__DISENG_16_21_GIRL_10.jpg,3,Disengagement,16-21 Years,Girl,labeling/images/Final Dataset 256/Final Dataset 256/Disengagement/16-21 Years/Girl/DISENG_16_21_GIRL_10.jpg
Disengagement__16-21-Years__Girl__DISENG_16_21_GIRL_110.jpg,2,Disengagement,16-21 Years,Girl,labeling/images/Final Dataset 256/Final Dataset 256/Disengagement/16-21 Years/Girl/DISENG_16_21_GIRL_110.jpg
Disengagement__16-21-Years__Girl__DISENG_16_21_GIRL_156.jpg,1,Disengagement,16-21 Years,Girl,labeling/images/Final Dataset 256/Final Dataset 256/Disengagement/16-21 Years/Girl/DISENG_16_21_GIRL_156.jpg
Disengagement__16-21-Years__Girl__DISENG_16_21_GIRL_22.jpg,4,Disengagement,16-21 Years,Girl,labeling/images/Final Dataset 256/Final Dataset 256/Disengagement/16-21 Years/Girl/DISENG_16_21_GIRL_22.jpg
Disengagement__16-21-Years__Girl__DISENG_16_21_GIRL_265.jpg,4,Disengagement,16-21 Years,Girl,labeling/images/Final Dataset 256/Final Dataset 256/Disengagement/16-21 Years/Girl/DISENG_16_21_GIRL_265.jpg
Disengagement__16-21-Years__Girl__DISENG_16_21_GIRL_31.jpg,3,Disengagement,16-21 Years,Girl,labeling/images/Final Dataset 256/Final Dataset 256/Disengagement/16-21 Years/Girl/DISENG_16_21_GIRL_31.jpg
Disengagement__16-21-Years__Girl__DISENG_16_21_GIRL_339.jpg,4,Disengagement,16-21 Years,Girl,labeling/images/Final Dataset 256/Final Dataset 256/Disengagement/16-21 Years/Girl/DISENG_16_21_GIRL_339.jpg
Disengagement__16-21-Years__Girl__DISENG_16_21_GIRL_354.jpg,5,Disengagement,16-21 Years,Girl,labeling/images/Final Dataset 256/Final Dataset 256/Disengagement/16-21 Years/Girl/DISENG_16_21_GIRL_354.jpg
Disengagement__16-21-Years__Girl__DISENG_16_21_GIRL_359.jpg,4,Disengagement,16-21 Years,Girl,labeling/images/Final Dataset 256/Final Dataset 256/Disengagement/16-21 Years/Girl/DISENG_16_21_GIRL_359.jpg
Disengagement__16-21-Years__Girl__DISENG_16_21_GIRL_537.jpg,3,Disengagement,16-21 Years,Girl,labeling/images/Final Dataset 256/Final Dataset 256/Disengagement/16-21 Years/Girl/DISENG_16_21_GIRL_537.jpg
Disengagement__16-21-Years__Girl__DISENG_16_21_GIRL_544.jpg,3,Disengagement,16-21 Years,Girl,labeling/images/Final Dataset 256/Final Dataset 256/Disengagement/16-21 Years/Girl/DISENG_16_21_GIRL_544.jpg
Disengagement__16-21-Years__Girl__DISENG_16_21_GIRL_604.jpg,2,Disengagement,16-21 Years,Girl,labeling/images/Final Dataset 256/Final Dataset 256/Disengagement/16-21 Years/Girl/DISENG_16_21_GIRL_604.jpg
Disengagement__16-21-Years__Girl__DISENG_16_21_GIRL_692.jpg,2,Disengagement,16-21 Years,Girl,labeling/images/Final Dataset 256/Final Dataset 256/Disengagement/16-21 Years/Girl/DISENG_16_21_GIRL_692.jpg
Disengagement__16-21-Years__Girl__DISENG_16_21_GIRL_760.jpg,3,Disengagement,16-21 Years,Girl,labeling/images/Final Dataset 256/Final Dataset 256/Disengagement/16-21 Years/Girl/DISENG_16_21_GIRL_760.jpg
Disengagement__16-21-Years__Girl__DISENG_16_21_GIRL_800.jpg,3,Disengagement,16-21 Years,Girl,labeling/images/Final Dataset 256/Final Dataset 256/Disengagement/16-21 Years/Girl/DISENG_16_21_GIRL_800.jpg
Disengagement__16-21-Years__Girl__DISENG_16_21_GIRL_813.jpg,2,Disengagement,16-21 Years,Girl,labeling/images/Final Dataset 256/Final Dataset 256/Disengagement/16-21 Years/Girl/DISENG_16_21_GIRL_813.jpg
Disengagement__16-21-Years__Girl__DISENG_16_21_GIRL_853.jpg,2,Disengagement,16-21 Years,Girl,labeling/images/Final Dataset 256/Final Dataset 256/Disengagement/16-21 Years/Girl/DISENG_16_21_GIRL_853.jpg
Disengagement__16-21-Years__Girl__DISENG_16_21_GIRL_886.jpg,3,Disengagement,16-21 Years,Girl,labeling/images/Final Dataset 256/Final Dataset 256/Disengagement/16-21 Years/Girl/DISENG_16_21_GIRL_886.jpg
Disengagement__16-21-Years__Girl__DISENG_16_21_GIRL_892.jpg,3,Disengagement,16-21 Years,Girl,labeling/images/Final Dataset 256/Final Dataset 256/Disengagement/16-21 Years/Girl/DISENG_16_21_GIRL_892.jpg
Disengagement__16-21-Years__Girl__DISENG_16_21_GIRL_90.jpg,1,Disengagement,16-21 Years,Girl,labeling/images/Final Dataset 256/Final Dataset 256/Disengagement/16-21 Years/Girl/DISENG_16_21_GIRL_90.jpg
Disengagement__16-21-Years__Girl__DISENG_16_21_GIRL_91.jpg,1,Disengagement,16-21 Years,Girl,labeling/images/Final Dataset 256/Final Dataset 256/Disengagement/16-21 Years/Girl/DISENG_16_21_GIRL_91.jpg
Disengagement__16-21-Years__Girl__DISENG_16_21_GIRL_960.jpg,5,Disengagement,16-21 Years,Girl,labeling/images/Final Dataset 256/Final Dataset 256/Disengagement/16-21 Years/Girl/DISENG_16_21_GIRL_960.jpg
Disengagement__16-21-Years__Girl__DISENG_16_21_GIRL_978.jpg,3,Disengagement,16-21 Years,Girl,labeling/images/Final Dataset 256/Final Dataset 256/Disengagement/16-21 Years/Girl/DISENG_16_21_GIRL_978.jpg
Disengagement__16-21-Years__Girl__DISENG_16_21_GIRL_998.jpg,3,Disengagement,16-21 Years,Girl,labeling/images/Final Dataset 256/Final Dataset 256/Disengagement/16-21 Years/Girl/DISENG_16_21_GIRL_998.jpg
Disengagement__22-Above-Years__Boy__DISENG_22_ABOVE_BOY_227.jpg,1,Disengagement,22-Above Years,Boy,labeling/images/Final Dataset 256/Final Dataset 256/Disengagement/22-Above Years/Boy/DISENG_22_ABOVE_BOY_227.jpg
Disengagement__22-Above-Years__Boy__DISENG_22_ABOVE_BOY_241.jpg,1,Disengagement,22-Above Years,Boy,labeling/images/Final Dataset 256/Final Dataset 256/Disengagement/22-Above Years/Boy/DISENG_22_ABOVE_BOY_241.jpg
Disengagement__22-Above-Years__Boy__DISENG_22_ABOVE_BOY_27.jpg,1,Disengagement,22-Above Years,Boy,labeling/images/Final Dataset 256/Final Dataset 256/Disengagement/22-Above Years/Boy/DISENG_22_ABOVE_BOY_27.jpg
Disengagement__22-Above-Years__Boy__DISENG_22_ABOVE_BOY_587.jpg,3,Disengagement,22-Above Years,Boy,labeling/images/Final Dataset 256/Final Dataset 256/Disengagement/22-Above Years/Boy/DISENG_22_ABOVE_BOY_587.jpg
Disengagement__22-Above-Years__Boy__DISENG_22_ABOVE_BOY_782.jpg,2,Disengagement,22-Above Years,Boy,labeling/images/Final Dataset 256/Final Dataset 256/Disengagement/22-Above Years/Boy/DISENG_22_ABOVE_BOY_782.jpg
Disengagement__22-Above-Years__Boy__DISENG_22_ABOVE_BOY_847.jpg,2,Disengagement,22-Above Years,Boy,labeling/images/Final Dataset 256/Final Dataset 256/Disengagement/22-Above Years/Boy/DISENG_22_ABOVE_BOY_847.jpg
Disengagement__22-Above-Years__Boy__DISENG_22_ABOVE_BOY_876.jpg,2,Disengagement,22-Above Years,Boy,labeling/images/Final Dataset 256/Final Dataset 256/Disengagement/22-Above Years/Boy/DISENG_22_ABOVE_BOY_876.jpg
Disengagement__22-Above-Years__Boy__DISENG_22_ABOVE_BOY_93.jpg,1,Disengagement,22-Above Years,Boy,labeling/images/Final Dataset 256/Final Dataset 256/Disengagement/22-Above Years/Boy/DISENG_22_ABOVE_BOY_93.jpg
Disengagement__22-Above-Years__Girl__DISENG_22_ABOVE_GIRL_182.jpg,1,Disengagement,22-Above Years,Girl,labeling/images/Final Dataset 256/Final Dataset 256/Disengagement/22-Above Years/Girl/DISENG_22_ABOVE_GIRL_182.jpg
Disengagement__22-Above-Years__Girl__DISENG_22_ABOVE_GIRL_212.jpg,1,Disengagement,22-Above Years,Girl,labeling/images/Final Dataset 256/Final Dataset 256/Disengagement/22-Above Years/Girl/DISENG_22_ABOVE_GIRL_212.jpg
Disengagement__22-Above-Years__Girl__DISENG_22_ABOVE_GIRL_268.jpg,1,Disengagement,22-Above Years,Girl,labeling/images/Final Dataset 256/Final Dataset 256/Disengagement/22-Above Years/Girl/DISENG_22_ABOVE_GIRL_268.jpg
Disengagement__22-Above-Years__Girl__DISENG_22_ABOVE_GIRL_272.jpg,3,Disengagement,22-Above Years,Girl,labeling/images/Final Dataset 256/Final Dataset 256/Disengagement/22-Above Years/Girl/DISENG_22_ABOVE_GIRL_272.jpg
Disengagement__22-Above-Years__Girl__DISENG_22_ABOVE_GIRL_286.jpg,1,Disengagement,22-Above Years,Girl,labeling/images/Final Dataset 256/Final Dataset 256/Disengagement/22-Above Years/Girl/DISENG_22_ABOVE_GIRL_286.jpg
Disengagement__22-Above-Years__Girl__DISENG_22_ABOVE_GIRL_320.jpg,4,Disengagement,22-Above Years,Girl,labeling/images/Final Dataset 256/Final Dataset 256/Disengagement/22-Above Years/Girl/DISENG_22_ABOVE_GIRL_320.jpg
Disengagement__22-Above-Years__Girl__DISENG_22_ABOVE_GIRL_363.jpg,4,Disengagement,22-Above Years,Girl,labeling/images/Final Dataset 256/Final Dataset 256/Disengagement/22-Above Years/Girl/DISENG_22_ABOVE_GIRL_363.jpg
Disengagement__22-Above-Years__Girl__DISENG_22_ABOVE_GIRL_366.jpg,2,Disengagement,22-Above Years,Girl,labeling/images/Final Dataset 256/Final Dataset 256/Disengagement/22-Above Years/Girl/DISENG_22_ABOVE_GIRL_366.jpg
Disengagement__22-Above-Years__Girl__DISENG_22_ABOVE_GIRL_367.jpg,4,Disengagement,22-Above Years,Girl,labeling/images/Final Dataset 256/Final Dataset 256/Disengagement/22-Above Years/Girl/DISENG_22_ABOVE_GIRL_367.jpg
Disengagement__22-Above-Years__Girl__DISENG_22_ABOVE_GIRL_376.jpg,4,Disengagement,22-Above Years,Girl,labeling/images/Final Dataset 256/Final Dataset 256/Disengagement/22-Above Years/Girl/DISENG_22_ABOVE_GIRL_376.jpg
Disengagement__22-Above-Years__Girl__DISENG_22_ABOVE_GIRL_390.jpg,4,Disengagement,22-Above Years,Girl,labeling/images/Final Dataset 256/Final Dataset 256/Disengagement/22-Above Years/Girl/DISENG_22_ABOVE_GIRL_390.jpg
Disengagement__22-Above-Years__Girl__DISENG_22_ABOVE_GIRL_404.jpg,3,Disengagement,22-Above Years,Girl,labeling/images/Final Dataset 256/Final Dataset 256/Disengagement/22-Above Years/Girl/DISENG_22_ABOVE_GIRL_404.jpg
Disengagement__22-Above-Years__Girl__DISENG_22_ABOVE_GIRL_453.jpg,3,Disengagement,22-Above Years,Girl,labeling/images/Final Dataset 256/Final Dataset 256/Disengagement/22-Above Years/Girl/DISENG_22_ABOVE_GIRL_453.jpg
Disengagement__22-Above-Years__Girl__DISENG_22_ABOVE_GIRL_508.jpg,4,Disengagement,22-Above Years,Girl,labeling/images/Final Dataset 256/Final Dataset 256/Disengagement/22-Above Years/Girl/DISENG_22_ABOVE_GIRL_508.jpg
Disengagement__22-Above-Years__Girl__DISENG_22_ABOVE_GIRL_597.jpg,1,Disengagement,22-Above Years,Girl,labeling/images/Final Dataset 256/Final Dataset 256/Disengagement/22-Above Years/Girl/DISENG_22_ABOVE_GIRL_597.jpg
Disengagement__22-Above-Years__Girl__DISENG_22_ABOVE_GIRL_602.jpg,1,Disengagement,22-Above Years,Girl,labeling/images/Final Dataset 256/Final Dataset 256/Disengagement/22-Above Years/Girl/DISENG_22_ABOVE_GIRL_602.jpg
Disengagement__22-Above-Years__Girl__DISENG_22_ABOVE_GIRL_606.jpg,1,Disengagement,22-Above Years,Girl,labeling/images/Final Dataset 256/Final Dataset 256/Disengagement/22-Above Years/Girl/DISENG_22_ABOVE_GIRL_606.jpg
Disengagement__22-Above-Years__Girl__DISENG_22_ABOVE_GIRL_629.jpg,1,Disengagement,22-Above Years,Girl,labeling/images/Final Dataset 256/Final Dataset 256/Disengagement/22-Above Years/Girl/DISENG_22_ABOVE_GIRL_629.jpg
Disengagement__22-Above-Years__Girl__DISENG_22_ABOVE_GIRL_64.jpg,3,Disengagement,22-Above Years,Girl,labeling/images/Final Dataset 256/Final Dataset 256/Disengagement/22-Above Years/Girl/DISENG_22_ABOVE_GIRL_64.jpg
Disengagement__22-Above-Years__Girl__DISENG_22_ABOVE_GIRL_648.jpg,1,Disengagement,22-Above Years,Girl,labeling/images/Final Dataset 256/Final Dataset 256/Disengagement/22-Above Years/Girl/DISENG_22_ABOVE_GIRL_648.jpg
Disengagement__22-Above-Years__Girl__DISENG_22_ABOVE_GIRL_654.jpg,1,Disengagement,22-Above Years,Girl,labeling/images/Final Dataset 256/Final Dataset 256/Disengagement/22-Above Years/Girl/DISENG_22_ABOVE_GIRL_654.jpg
Disengagement__22-Above-Years__Girl__DISENG_22_ABOVE_GIRL_75.jpg,3,Disengagement,22-Above Years,Girl,labeling/images/Final Dataset 256/Final Dataset 256/Disengagement/22-Above Years/Girl/DISENG_22_ABOVE_GIRL_75.jpg
Disengagement__22-Above-Years__Girl__DISENG_22_ABOVE_GIRL_834.jpg,3,Disengagement,22-Above Years,Girl,labeling/images/Final Dataset 256/Final Dataset 256/Disengagement/22-Above Years/Girl/DISENG_22_ABOVE_GIRL_834.jpg
Disengagement__22-Above-Years__Girl__DISENG_22_ABOVE_GIRL_835.jpg,3,Disengagement,22-Above Years,Girl,labeling/images/Final Dataset 256/Final Dataset 256/Disengagement/22-Above Years/Girl/DISENG_22_ABOVE_GIRL_835.jpg
Disengagement__22-Above-Years__Girl__DISENG_22_ABOVE_GIRL_85.jpg,3,Disengagement,22-Above Years,Girl,labeling/images/Final Dataset 256/Final Dataset 256/Disengagement/22-Above Years/Girl/DISENG_22_ABOVE_GIRL_85.jpg
Disengagement__22-Above-Years__Girl__DISENG_22_ABOVE_GIRL_949.jpg,2,Disengagement,22-Above Years,Girl,labeling/images/Final Dataset 256/Final Dataset 256/Disengagement/22-Above Years/Girl/DISENG_22_ABOVE_GIRL_949.jpg
Disengagement__22-Above-Years__Girl__DISENG_22_ABOVE_GIRL_987.jpg,2,Disengagement,22-Above Years,Girl,labeling/images/Final Dataset 256/Final Dataset 256/Disengagement/22-Above Years/Girl/DISENG_22_ABOVE_GIRL_987.jpg
Disengagement__5-10-Years__Boy__DISENT_5_10_BOY_128.jpg,2,Disengagement,5-10 Years,Boy,labeling/images/Final Dataset 256/Final Dataset 256/Disengagement/5-10 Years/Boy/DISENT_5_10_BOY_128.jpg
Disengagement__5-10-Years__Boy__DISENT_5_10_BOY_133.jpg,3,Disengagement,5-10 Years,Boy,labeling/images/Final Dataset 256/Final Dataset 256/Disengagement/5-10 Years/Boy/DISENT_5_10_BOY_133.jpg
Disengagement__5-10-Years__Boy__DISENT_5_10_BOY_161.jpg,3,Disengagement,5-10 Years,Boy,labeling/images/Final Dataset 256/Final Dataset 256/Disengagement/5-10 Years/Boy/DISENT_5_10_BOY_161.jpg
Disengagement__5-10-Years__Boy__DISENT_5_10_BOY_172.jpg,3,Disengagement,5-10 Years,Boy,labeling/images/Final Dataset 256/Final Dataset 256/Disengagement/5-10 Years/Boy/DISENT_5_10_BOY_172.jpg
Disengagement__5-10-Years__Boy__DISENT_5_10_BOY_180.jpg,3,Disengagement,5-10 Years,Boy,labeling/images/Final Dataset 256/Final Dataset 256/Disengagement/5-10 Years/Boy/DISENT_5_10_BOY_180.jpg
Disengagement__5-10-Years__Boy__DISENT_5_10_BOY_218.jpg,1,Disengagement,5-10 Years,Boy,labeling/images/Final Dataset 256/Final Dataset 256/Disengagement/5-10 Years/Boy/DISENT_5_10_BOY_218.jpg
Disengagement__5-10-Years__Boy__DISENT_5_10_BOY_236.jpg,3,Disengagement,5-10 Years,Boy,labeling/images/Final Dataset 256/Final Dataset 256/Disengagement/5-10 Years/Boy/DISENT_5_10_BOY_236.jpg
Disengagement__5-10-Years__Boy__DISENT_5_10_BOY_270.jpg,3,Disengagement,5-10 Years,Boy,labeling/images/Final Dataset 256/Final Dataset 256/Disengagement/5-10 Years/Boy/DISENT_5_10_BOY_270.jpg
Disengagement__5-10-Years__Boy__DISENT_5_10_BOY_338.jpg,1,Disengagement,5-10 Years,Boy,labeling/images/Final Dataset 256/Final Dataset 256/Disengagement/5-10 Years/Boy/DISENT_5_10_BOY_338.jpg
Disengagement__5-10-Years__Boy__DISENT_5_10_BOY_459.jpg,2,Disengagement,5-10 Years,Boy,labeling/images/Final Dataset 256/Final Dataset 256/Disengagement/5-10 Years/Boy/DISENT_5_10_BOY_459.jpg
Disengagement__5-10-Years__Boy__DISENT_5_10_BOY_537.jpg,1,Disengagement,5-10 Years,Boy,labeling/images/Final Dataset 256/Final Dataset 256/Disengagement/5-10 Years/Boy/DISENT_5_10_BOY_537.jpg
Disengagement__5-10-Years__Boy__DISENT_5_10_BOY_582.jpg,2,Disengagement,5-10 Years,Boy,labeling/images/Final Dataset 256/Final Dataset 256/Disengagement/5-10 Years/Boy/DISENT_5_10_BOY_582.jpg
Disengagement__5-10-Years__Boy__DISENT_5_10_BOY_597.jpg,2,Disengagement,5-10 Years,Boy,labeling/images/Final Dataset 256/Final Dataset 256/Disengagement/5-10 Years/Boy/DISENT_5_10_BOY_597.jpg
Disengagement__5-10-Years__Boy__DISENT_5_10_BOY_663.jpg,1,Disengagement,5-10 Years,Boy,labeling/images/Final Dataset 256/Final Dataset 256/Disengagement/5-10 Years/Boy/DISENT_5_10_BOY_663.jpg
Disengagement__5-10-Years__Boy__DISENT_5_10_BOY_703.jpg,1,Disengagement,5-10 Years,Boy,labeling/images/Final Dataset 256/Final Dataset 256/Disengagement/5-10 Years/Boy/DISENT_5_10_BOY_703.jpg
Disengagement__5-10-Years__Boy__DISENT_5_10_BOY_724.jpg,1,Disengagement,5-10 Years,Boy,labeling/images/Final Dataset 256/Final Dataset 256/Disengagement/5-10 Years/Boy/DISENT_5_10_BOY_724.jpg
Disengagement__5-10-Years__Boy__DISENT_5_10_BOY_728.jpg,1,Disengagement,5-10 Years,Boy,labeling/images/Final Dataset 256/Final Dataset 256/Disengagement/5-10 Years/Boy/DISENT_5_10_BOY_728.jpg
Disengagement__5-10-Years__Boy__DISENT_5_10_BOY_743.jpg,1,Disengagement,5-10 Years,Boy,labeling/images/Final Dataset 256/Final Dataset 256/Disengagement/5-10 Years/Boy/DISENT_5_10_BOY_743.jpg
Disengagement__5-10-Years__Boy__DISENT_5_10_BOY_749.jpg,1,Disengagement,5-10 Years,Boy,labeling/images/Final Dataset 256/Final Dataset 256/Disengagement/5-10 Years/Boy/DISENT_5_10_BOY_749.jpg
Disengagement__5-10-Years__Boy__DISENT_5_10_BOY_797.jpg,2,Disengagement,5-10 Years,Boy,labeling/images/Final Dataset 256/Final Dataset 256/Disengagement/5-10 Years/Boy/DISENT_5_10_BOY_797.jpg
Disengagement__5-10-Years__Boy__DISENT_5_10_BOY_856.jpg,2,Disengagement,5-10 Years,Boy,labeling/images/Final Dataset 256/Final Dataset 256/Disengagement/5-10 Years/Boy/DISENT_5_10_BOY_856.jpg
Disengagement__5-10-Years__Boy__DISENT_5_10_BOY_863.jpg,2,Disengagement,5-10 Years,Boy,labeling/images/Final Dataset 256/Final Dataset 256/Disengagement/5-10 Years/Boy/DISENT_5_10_BOY_863.jpg
Disengagement__5-10-Years__Boy__DISENT_5_10_BOY_870.jpg,2,Disengagement,5-10 Years,Boy,labeling/images/Final Dataset 256/Final Dataset 256/Disengagement/5-10 Years/Boy/DISENT_5_10_BOY_870.jpg
Disengagement__5-10-Years__Boy__DISENT_5_10_BOY_875.jpg,2,Disengagement,5-10 Years,Boy,labeling/images/Final Dataset 256/Final Dataset 256/Disengagement/5-10 Years/Boy/DISENT_5_10_BOY_875.jpg
Disengagement__5-10-Years__Boy__DISENT_5_10_BOY_906.jpg,3,Disengagement,5-10 Years,Boy,labeling/images/Final Dataset 256/Final Dataset 256/Disengagement/5-10 Years/Boy/DISENT_5_10_BOY_906.jpg
Disengagement__5-10-Years__Boy__DISENT_5_10_BOY_926.jpg,4,Disengagement,5-10 Years,Boy,labeling/images/Final Dataset 256/Final Dataset 256/Disengagement/5-10 Years/Boy/DISENT_5_10_BOY_926.jpg
Disengagement__5-10-Years__Boy__DISENT_5_10_BOY_95.jpg,2,Disengagement,5-10 Years,Boy,labeling/images/Final Dataset 256/Final Dataset 256/Disengagement/5-10 Years/Boy/DISENT_5_10_BOY_95.jpg
Disengagement__5-10-Years__Girl__DISENG_5_10_Girl_174.jpg,3,Disengagement,5-10 Years,Girl,labeling/images/Final Dataset 256/Final Dataset 256/Disengagement/5-10 Years/Girl/DISENG_5_10_Girl_174.jpg
Disengagement__5-10-Years__Girl__DISENG_5_10_Girl_204.jpg,2,Disengagement,5-10 Years,Girl,labeling/images/Final Dataset 256/Final Dataset 256/Disengagement/5-10 Years/Girl/DISENG_5_10_Girl_204.jpg
Disengagement__5-10-Years__Girl__DISENG_5_10_Girl_297.jpg,1,Disengagement,5-10 Years,Girl,labeling/images/Final Dataset 256/Final Dataset 256/Disengagement/5-10 Years/Girl/DISENG_5_10_Girl_297.jpg
Disengagement__5-10-Years__Girl__DISENG_5_10_Girl_315.jpg,1,Disengagement,5-10 Years,Girl,labeling/images/Final Dataset 256/Final Dataset 256/Disengagement/5-10 Years/Girl/DISENG_5_10_Girl_315.jpg
Disengagement__5-10-Years__Girl__DISENG_5_10_Girl_351.jpg,4,Disengagement,5-10 Years,Girl,labeling/images/Final Dataset 256/Final Dataset 256/Disengagement/5-10 Years/Girl/DISENG_5_10_Girl_351.jpg
Disengagement__5-10-Years__Girl__DISENG_5_10_Girl_352.jpg,2,Disengagement,5-10 Years,Girl,labeling/images/Final Dataset 256/Final Dataset 256/Disengagement/5-10 Years/Girl/DISENG_5_10_Girl_352.jpg
Disengagement__5-10-Years__Girl__DISENG_5_10_Girl_398.jpg,3,Disengagement,5-10 Years,Girl,labeling/images/Final Dataset 256/Final Dataset 256/Disengagement/5-10 Years/Girl/DISENG_5_10_Girl_398.jpg
Disengagement__5-10-Years__Girl__DISENG_5_10_Girl_427.jpg,2,Disengagement,5-10 Years,Girl,labeling/images/Final Dataset 256/Final Dataset 256/Disengagement/5-10 Years/Girl/DISENG_5_10_Girl_427.jpg
Disengagement__5-10-Years__Girl__DISENG_5_10_Girl_485.jpg,3,Disengagement,5-10 Years,Girl,labeling/images/Final Dataset 256/Final Dataset 256/Disengagement/5-10 Years/Girl/DISENG_5_10_Girl_485.jpg
Disengagement__5-10-Years__Girl__DISENG_5_10_Girl_513.jpg,2,Disengagement,5-10 Years,Girl,labeling/images/Final Dataset 256/Final Dataset 256/Disengagement/5-10 Years/Girl/DISENG_5_10_Girl_513.jpg
Disengagement__5-10-Years__Girl__DISENG_5_10_Girl_547.jpg,2,Disengagement,5-10 Years,Girl,labeling/images/Final Dataset 256/Final Dataset 256/Disengagement/5-10 Years/Girl/DISENG_5_10_Girl_547.jpg
Disengagement__5-10-Years__Girl__DISENG_5_10_Girl_552.jpg,3,Disengagement,5-10 Years,Girl,labeling/images/Final Dataset 256/Final Dataset 256/Disengagement/5-10 Years/Girl/DISENG_5_10_Girl_552.jpg
Disengagement__5-10-Years__Girl__DISENG_5_10_Girl_58.jpg,2,Disengagement,5-10 Years,Girl,labeling/images/Final Dataset 256/Final Dataset 256/Disengagement/5-10 Years/Girl/DISENG_5_10_Girl_58.jpg
Disengagement__5-10-Years__Girl__DISENG_5_10_Girl_632.jpg,3,Disengagement,5-10 Years,Girl,labeling/images/Final Dataset 256/Final Dataset 256/Disengagement/5-10 Years/Girl/DISENG_5_10_Girl_632.jpg
Disengagement__5-10-Years__Girl__DISENG_5_10_Girl_641.jpg,3,Disengagement,5-10 Years,Girl,labeling/images/Final Dataset 256/Final Dataset 256/Disengagement/5-10 Years/Girl/DISENG_5_10_Girl_641.jpg
Disengagement__5-10-Years__Girl__DISENG_5_10_Girl_663.jpg,3,Disengagement,5-10 Years,Girl,labeling/images/Final Dataset 256/Final Dataset 256/Disengagement/5-10 Years/Girl/DISENG_5_10_Girl_663.jpg
Disengagement__5-10-Years__Girl__DISENG_5_10_Girl_69.jpg,1,Disengagement,5-10 Years,Girl,labeling/images/Final Dataset 256/Final Dataset 256/Disengagement/5-10 Years/Girl/DISENG_5_10_Girl_69.jpg
Disengagement__5-10-Years__Girl__DISENG_5_10_Girl_707.jpg,3,Disengagement,5-10 Years,Girl,labeling/images/Final Dataset 256/Final Dataset 256/Disengagement/5-10 Years/Girl/DISENG_5_10_Girl_707.jpg
Disengagement__5-10-Years__Girl__DISENG_5_10_Girl_724.jpg,5,Disengagement,5-10 Years,Girl,labeling/images/Final Dataset 256/Final Dataset 256/Disengagement/5-10 Years/Girl/DISENG_5_10_Girl_724.jpg
Disengagement__5-10-Years__Girl__DISENG_5_10_Girl_744.jpg,4,Disengagement,5-10 Years,Girl,labeling/images/Final Dataset 256/Final Dataset 256/Disengagement/5-10 Years/Girl/DISENG_5_10_Girl_744.jpg
Disengagement__5-10-Years__Girl__DISENG_5_10_Girl_83.jpg,1,Disengagement,5-10 Years,Girl,labeling/images/Final Dataset 256/Final Dataset 256/Disengagement/5-10 Years/Girl/DISENG_5_10_Girl_83.jpg
Disengagement__5-10-Years__Girl__DISENG_5_10_Girl_847.jpg,1,Disengagement,5-10 Years,Girl,labeling/images/Final Dataset 256/Final Dataset 256/Disengagement/5-10 Years/Girl/DISENG_5_10_Girl_847.jpg
Disengagement__5-10-Years__Girl__DISENG_5_10_Girl_86.jpg,2,Disengagement,5-10 Years,Girl,labeling/images/Final Dataset 256/Final Dataset 256/Disengagement/5-10 Years/Girl/DISENG_5_10_Girl_86.jpg
Disengagement__5-10-Years__Girl__DISENG_5_10_Girl_881.jpg,1,Disengagement,5-10 Years,Girl,labeling/images/Final Dataset 256/Final Dataset 256/Disengagement/5-10 Years/Girl/DISENG_5_10_Girl_881.jpg
Disengagement__5-10-Years__Girl__DISENG_5_10_Girl_923.jpg,3,Disengagement,5-10 Years,Girl,labeling/images/Final Dataset 256/Final Dataset 256/Disengagement/5-10 Years/Girl/DISENG_5_10_Girl_923.jpg
Disengagement__5-10-Years__Girl__DISENG_5_10_Girl_943.jpg,3,Disengagement,5-10 Years,Girl,labeling/images/Final Dataset 256/Final Dataset 256/Disengagement/5-10 Years/Girl/DISENG_5_10_Girl_943.jpg
Disengagement__5-10-Years__Girl__DISENG_5_10_Girl_974.jpg,2,Disengagement,5-10 Years,Girl,labeling/images/Final Dataset 256/Final Dataset 256/Disengagement/5-10 Years/Girl/DISENG_5_10_Girl_974.jpg
Engagement__11-15-Years__Boy__ENG_11_15_BOY_112.jpg,5,Engagement,11-15 Years,Boy,labeling/images/Final Dataset 256/Final Dataset 256/Engagement/11-15 Years/Boy/ENG_11_15_BOY_112.jpg
Engagement__11-15-Years__Boy__ENG_11_15_BOY_14.jpg,5,Engagement,11-15 Years,Boy,labeling/images/Final Dataset 256/Final Dataset 256/Engagement/11-15 Years/Boy/ENG_11_15_BOY_14.jpg
Engagement__11-15-Years__Boy__ENG_11_15_BOY_155.jpg,5,Engagement,11-15 Years,Boy,labeling/images/Final Dataset 256/Final Dataset 256/Engagement/11-15 Years/Boy/ENG_11_15_BOY_155.jpg
Engagement__11-15-Years__Boy__ENG_11_15_BOY_191.jpg,5,Engagement,11-15 Years,Boy,labeling/images/Final Dataset 256/Final Dataset 256/Engagement/11-15 Years/Boy/ENG_11_15_BOY_191.jpg
Engagement__11-15-Years__Boy__ENG_11_15_BOY_205.jpg,5,Engagement,11-15 Years,Boy,labeling/images/Final Dataset 256/Final Dataset 256/Engagement/11-15 Years/Boy/ENG_11_15_BOY_205.jpg
Engagement__11-15-Years__Boy__ENG_11_15_BOY_232.jpg,5,Engagement,11-15 Years,Boy,labeling/images/Final Dataset 256/Final Dataset 256/Engagement/11-15 Years/Boy/ENG_11_15_BOY_232.jpg
Engagement__11-15-Years__Boy__ENG_11_15_BOY_255.jpg,4,Engagement,11-15 Years,Boy,labeling/images/Final Dataset 256/Final Dataset 256/Engagement/11-15 Years/Boy/ENG_11_15_BOY_255.jpg
Engagement__11-15-Years__Boy__ENG_11_15_BOY_273.jpg,3,Engagement,11-15 Years,Boy,labeling/images/Final Dataset 256/Final Dataset 256/Engagement/11-15 Years/Boy/ENG_11_15_BOY_273.jpg
Engagement__11-15-Years__Boy__ENG_11_15_BOY_30.jpg,5,Engagement,11-15 Years,Boy,labeling/images/Final Dataset 256/Final Dataset 256/Engagement/11-15 Years/Boy/ENG_11_15_BOY_30.jpg
Engagement__11-15-Years__Boy__ENG_11_15_BOY_300.jpg,4,Engagement,11-15 Years,Boy,labeling/images/Final Dataset 256/Final Dataset 256/Engagement/11-15 Years/Boy/ENG_11_15_BOY_300.jpg
Engagement__11-15-Years__Boy__ENG_11_15_BOY_321.jpg,4,Engagement,11-15 Years,Boy,labeling/images/Final Dataset 256/Final Dataset 256/Engagement/11-15 Years/Boy/ENG_11_15_BOY_321.jpg
Engagement__11-15-Years__Boy__ENG_11_15_BOY_348.jpg,5,Engagement,11-15 Years,Boy,labeling/images/Final Dataset 256/Final Dataset 256/Engagement/11-15 Years/Boy/ENG_11_15_BOY_348.jpg
Engagement__11-15-Years__Boy__ENG_11_15_BOY_404.jpg,5,Engagement,11-15 Years,Boy,labeling/images/Final Dataset 256/Final Dataset 256/Engagement/11-15 Years/Boy/ENG_11_15_BOY_404.jpg
Engagement__11-15-Years__Boy__ENG_11_15_BOY_407.jpg,5,Engagement,11-15 Years,Boy,labeling/images/Final Dataset 256/Final Dataset 256/Engagement/11-15 Years/Boy/ENG_11_15_BOY_407.jpg
Engagement__11-15-Years__Boy__ENG_11_15_BOY_440.jpg,5,Engagement,11-15 Years,Boy,labeling/images/Final Dataset 256/Final Dataset 256/Engagement/11-15 Years/Boy/ENG_11_15_BOY_440.jpg
Engagement__11-15-Years__Boy__ENG_11_15_BOY_491.jpg,4,Engagement,11-15 Years,Boy,labeling/images/Final Dataset 256/Final Dataset 256/Engagement/11-15 Years/Boy/ENG_11_15_BOY_491.jpg
Engagement__11-15-Years__Boy__ENG_11_15_BOY_64.jpg,5,Engagement,11-15 Years,Boy,labeling/images/Final Dataset 256/Final Dataset 256/Engagement/11-15 Years/Boy/ENG_11_15_BOY_64.jpg
Engagement__11-15-Years__Boy__ENG_11_15_BOY_68.jpg,5,Engagement,11-15 Years,Boy,labeling/images/Final Dataset 256/Final Dataset 256/Engagement/11-15 Years/Boy/ENG_11_15_BOY_68.jpg
Engagement__11-15-Years__Boy__ENG_11_15_BOY_741.jpg,4,Engagement,11-15 Years,Boy,labeling/images/Final Dataset 256/Final Dataset 256/Engagement/11-15 Years/Boy/ENG_11_15_BOY_741.jpg
Engagement__11-15-Years__Boy__ENG_11_15_BOY_749.jpg,5,Engagement,11-15 Years,Boy,labeling/images/Final Dataset 256/Final Dataset 256/Engagement/11-15 Years/Boy/ENG_11_15_BOY_749.jpg
Engagement__11-15-Years__Boy__ENG_11_15_BOY_773.jpg,5,Engagement,11-15 Years,Boy,labeling/images/Final Dataset 256/Final Dataset 256/Engagement/11-15 Years/Boy/ENG_11_15_BOY_773.jpg
Engagement__11-15-Years__Boy__ENG_11_15_BOY_82.jpg,5,Engagement,11-15 Years,Boy,labeling/images/Final Dataset 256/Final Dataset 256/Engagement/11-15 Years/Boy/ENG_11_15_BOY_82.jpg
Engagement__11-15-Years__Boy__ENG_11_15_BOY_830.jpg,4,Engagement,11-15 Years,Boy,labeling/images/Final Dataset 256/Final Dataset 256/Engagement/11-15 Years/Boy/ENG_11_15_BOY_830.jpg
Engagement__11-15-Years__Boy__ENG_11_15_BOY_850.jpg,4,Engagement,11-15 Years,Boy,labeling/images/Final Dataset 256/Final Dataset 256/Engagement/11-15 Years/Boy/ENG_11_15_BOY_850.jpg
Engagement__11-15-Years__Boy__ENG_11_15_BOY_851.jpg,2,Engagement,11-15 Years,Boy,labeling/images/Final Dataset 256/Final Dataset 256/Engagement/11-15 Years/Boy/ENG_11_15_BOY_851.jpg
Engagement__11-15-Years__Boy__ENG_11_15_BOY_878.jpg,1,Engagement,11-15 Years,Boy,labeling/images/Final Dataset 256/Final Dataset 256/Engagement/11-15 Years/Boy/ENG_11_15_BOY_878.jpg
Engagement__11-15-Years__Boy__ENG_11_15_BOY_887.jpg,4,Engagement,11-15 Years,Boy,labeling/images/Final Dataset 256/Final Dataset 256/Engagement/11-15 Years/Boy/ENG_11_15_BOY_887.jpg
Engagement__11-15-Years__Girl__ENG_11_15_GIRL_118.jpg,4,Engagement,11-15 Years,Girl,labeling/images/Final Dataset 256/Final Dataset 256/Engagement/11-15 Years/Girl/ENG_11_15_GIRL_118.jpg
Engagement__11-15-Years__Girl__ENG_11_15_GIRL_122.jpg,4,Engagement,11-15 Years,Girl,labeling/images/Final Dataset 256/Final Dataset 256/Engagement/11-15 Years/Girl/ENG_11_15_GIRL_122.jpg
Engagement__11-15-Years__Girl__ENG_11_15_GIRL_131.jpg,4,Engagement,11-15 Years,Girl,labeling/images/Final Dataset 256/Final Dataset 256/Engagement/11-15 Years/Girl/ENG_11_15_GIRL_131.jpg
Engagement__11-15-Years__Girl__ENG_11_15_GIRL_166.jpg,4,Engagement,11-15 Years,Girl,labeling/images/Final Dataset 256/Final Dataset 256/Engagement/11-15 Years/Girl/ENG_11_15_GIRL_166.jpg
Engagement__11-15-Years__Girl__ENG_11_15_GIRL_182.jpg,4,Engagement,11-15 Years,Girl,labeling/images/Final Dataset 256/Final Dataset 256/Engagement/11-15 Years/Girl/ENG_11_15_GIRL_182.jpg
Engagement__11-15-Years__Girl__ENG_11_15_GIRL_204.jpg,3,Engagement,11-15 Years,Girl,labeling/images/Final Dataset 256/Final Dataset 256/Engagement/11-15 Years/Girl/ENG_11_15_GIRL_204.jpg
Engagement__11-15-Years__Girl__ENG_11_15_GIRL_208.jpg,4,Engagement,11-15 Years,Girl,labeling/images/Final Dataset 256/Final Dataset 256/Engagement/11-15 Years/Girl/ENG_11_15_GIRL_208.jpg
Engagement__11-15-Years__Girl__ENG_11_15_GIRL_212.jpg,4,Engagement,11-15 Years,Girl,labeling/images/Final Dataset 256/Final Dataset 256/Engagement/11-15 Years/Girl/ENG_11_15_GIRL_212.jpg
Engagement__11-15-Years__Girl__ENG_11_15_GIRL_269.jpg,4,Engagement,11-15 Years,Girl,labeling/images/Final Dataset 256/Final Dataset 256/Engagement/11-15 Years/Girl/ENG_11_15_GIRL_269.jpg
Engagement__11-15-Years__Girl__ENG_11_15_GIRL_272.jpg,4,Engagement,11-15 Years,Girl,labeling/images/Final Dataset 256/Final Dataset 256/Engagement/11-15 Years/Girl/ENG_11_15_GIRL_272.jpg
Engagement__11-15-Years__Girl__ENG_11_15_GIRL_278.jpg,4,Engagement,11-15 Years,Girl,labeling/images/Final Dataset 256/Final Dataset 256/Engagement/11-15 Years/Girl/ENG_11_15_GIRL_278.jpg
Engagement__11-15-Years__Girl__ENG_11_15_GIRL_440.jpg,2,Engagement,11-15 Years,Girl,labeling/images/Final Dataset 256/Final Dataset 256/Engagement/11-15 Years/Girl/ENG_11_15_GIRL_440.jpg
Engagement__11-15-Years__Girl__ENG_11_15_GIRL_46.jpg,4,Engagement,11-15 Years,Girl,labeling/images/Final Dataset 256/Final Dataset 256/Engagement/11-15 Years/Girl/ENG_11_15_GIRL_46.jpg
Engagement__11-15-Years__Girl__ENG_11_15_GIRL_592.jpg,4,Engagement,11-15 Years,Girl,labeling/images/Final Dataset 256/Final Dataset 256/Engagement/11-15 Years/Girl/ENG_11_15_GIRL_592.jpg
Engagement__11-15-Years__Girl__ENG_11_15_GIRL_628.jpg,4,Engagement,11-15 Years,Girl,labeling/images/Final Dataset 256/Final Dataset 256/Engagement/11-15 Years/Girl/ENG_11_15_GIRL_628.jpg
Engagement__11-15-Years__Girl__ENG_11_15_GIRL_63.jpg,3,Engagement,11-15 Years,Girl,labeling/images/Final Dataset 256/Final Dataset 256/Engagement/11-15 Years/Girl/ENG_11_15_GIRL_63.jpg
Engagement__11-15-Years__Girl__ENG_11_15_GIRL_654.jpg,4,Engagement,11-15 Years,Girl,labeling/images/Final Dataset 256/Final Dataset 256/Engagement/11-15 Years/Girl/ENG_11_15_GIRL_654.jpg
Engagement__11-15-Years__Girl__ENG_11_15_GIRL_658.jpg,4,Engagement,11-15 Years,Girl,labeling/images/Final Dataset 256/Final Dataset 256/Engagement/11-15 Years/Girl/ENG_11_15_GIRL_658.jpg
Engagement__11-15-Years__Girl__ENG_11_15_GIRL_684.jpg,4,Engagement,11-15 Years,Girl,labeling/images/Final Dataset 256/Final Dataset 256/Engagement/11-15 Years/Girl/ENG_11_15_GIRL_684.jpg
Engagement__11-15-Years__Girl__ENG_11_15_GIRL_685.jpg,4,Engagement,11-15 Years,Girl,labeling/images/Final Dataset 256/Final Dataset 256/Engagement/11-15 Years/Girl/ENG_11_15_GIRL_685.jpg
Engagement__11-15-Years__Girl__ENG_11_15_GIRL_726.jpg,4,Engagement,11-15 Years,Girl,labeling/images/Final Dataset 256/Final Dataset 256/Engagement/11-15 Years/Girl/ENG_11_15_GIRL_726.jpg
Engagement__11-15-Years__Girl__ENG_11_15_GIRL_865.jpg,3,Engagement,11-15 Years,Girl,labeling/images/Final Dataset 256/Final Dataset 256/Engagement/11-15 Years/Girl/ENG_11_15_GIRL_865.jpg
Engagement__11-15-Years__Girl__ENG_11_15_GIRL_868.jpg,3,Engagement,11-15 Years,Girl,labeling/images/Final Dataset 256/Final Dataset 256/Engagement/11-15 Years/Girl/ENG_11_15_GIRL_868.jpg
Engagement__11-15-Years__Girl__ENG_11_15_GIRL_938.jpg,4,Engagement,11-15 Years,Girl,labeling/images/Final Dataset 256/Final Dataset 256/Engagement/11-15 Years/Girl/ENG_11_15_GIRL_938.jpg
Engagement__11-15-Years__Girl__ENG_11_15_GIRL_962.jpg,4,Engagement,11-15 Years,Girl,labeling/images/Final Dataset 256/Final Dataset 256/Engagement/11-15 Years/Girl/ENG_11_15_GIRL_962.jpg
Engagement__11-15-Years__Girl__ENG_11_15_GIRL_986.jpg,3,Engagement,11-15 Years,Girl,labeling/images/Final Dataset 256/Final Dataset 256/Engagement/11-15 Years/Girl/ENG_11_15_GIRL_986.jpg
Engagement__11-15-Years__Girl__ENG_11_15_GIRL_994.jpg,3,Engagement,11-15 Years,Girl,labeling/images/Final Dataset 256/Final Dataset 256/Engagement/11-15 Years/Girl/ENG_11_15_GIRL_994.jpg
Engagement__16-21-Years__Boy__ENG_16_21_BOY_13.jpg,4,Engagement,16-21 Years,Boy,labeling/images/Final Dataset 256/Final Dataset 256/Engagement/16-21 Years/Boy/ENG_16_21_BOY_13.jpg
Engagement__16-21-Years__Boy__ENG_16_21_BOY_185.jpg,3,Engagement,16-21 Years,Boy,labeling/images/Final Dataset 256/Final Dataset 256/Engagement/16-21 Years/Boy/ENG_16_21_BOY_185.jpg
Engagement__16-21-Years__Boy__ENG_16_21_BOY_255.jpg,3,Engagement,16-21 Years,Boy,labeling/images/Final Dataset 256/Final Dataset 256/Engagement/16-21 Years/Boy/ENG_16_21_BOY_255.jpg
Engagement__16-21-Years__Boy__ENG_16_21_BOY_288.jpg,4,Engagement,16-21 Years,Boy,labeling/images/Final Dataset 256/Final Dataset 256/Engagement/16-21 Years/Boy/ENG_16_21_BOY_288.jpg
Engagement__16-21-Years__Boy__ENG_16_21_BOY_40.jpg,3,Engagement,16-21 Years,Boy,labeling/images/Final Dataset 256/Final Dataset 256/Engagement/16-21 Years/Boy/ENG_16_21_BOY_40.jpg
Engagement__16-21-Years__Boy__ENG_16_21_BOY_730.jpg,3,Engagement,16-21 Years,Boy,labeling/images/Final Dataset 256/Final Dataset 256/Engagement/16-21 Years/Boy/ENG_16_21_BOY_730.jpg
Engagement__16-21-Years__Boy__ENG_16_21_BOY_822.jpg,4,Engagement,16-21 Years,Boy,labeling/images/Final Dataset 256/Final Dataset 256/Engagement/16-21 Years/Boy/ENG_16_21_BOY_822.jpg
Engagement__16-21-Years__Boy__ENG_16_21_BOY_929.jpg,3,Engagement,16-21 Years,Boy,labeling/images/Final Dataset 256/Final Dataset 256/Engagement/16-21 Years/Boy/ENG_16_21_BOY_929.jpg
Engagement__16-21-Years__Girl__ENG_16_21_GIRL_134.jpg,5,Engagement,16-21 Years,Girl,labeling/images/Final Dataset 256/Final Dataset 256/Engagement/16-21 Years/Girl/ENG_16_21_GIRL_134.jpg
Engagement__16-21-Years__Girl__ENG_16_21_GIRL_154.jpg,4,Engagement,16-21 Years,Girl,labeling/images/Final Dataset 256/Final Dataset 256/Engagement/16-21 Years/Girl/ENG_16_21_GIRL_154.jpg
Engagement__16-21-Years__Girl__ENG_16_21_GIRL_162.jpg,4,Engagement,16-21 Years,Girl,labeling/images/Final Dataset 256/Final Dataset 256/Engagement/16-21 Years/Girl/ENG_16_21_GIRL_162.jpg
Engagement__16-21-Years__Girl__ENG_16_21_GIRL_164.jpg,5,Engagement,16-21 Years,Girl,labeling/images/Final Dataset 256/Final Dataset 256/Engagement/16-21 Years/Girl/ENG_16_21_GIRL_164.jpg
Engagement__16-21-Years__Girl__ENG_16_21_GIRL_245.jpg,4,Engagement,16-21 Years,Girl,labeling/images/Final Dataset 256/Final Dataset 256/Engagement/16-21 Years/Girl/ENG_16_21_GIRL_245.jpg
Engagement__16-21-Years__Girl__ENG_16_21_GIRL_403.jpg,4,Engagement,16-21 Years,Girl,labeling/images/Final Dataset 256/Final Dataset 256/Engagement/16-21 Years/Girl/ENG_16_21_GIRL_403.jpg
Engagement__16-21-Years__Girl__ENG_16_21_GIRL_413.jpg,5,Engagement,16-21 Years,Girl,labeling/images/Final Dataset 256/Final Dataset 256/Engagement/16-21 Years/Girl/ENG_16_21_GIRL_413.jpg
Engagement__16-21-Years__Girl__ENG_16_21_GIRL_431.jpg,3,Engagement,16-21 Years,Girl,labeling/images/Final Dataset 256/Final Dataset 256/Engagement/16-21 Years/Girl/ENG_16_21_GIRL_431.jpg
Engagement__16-21-Years__Girl__ENG_16_21_GIRL_451.jpg,2,Engagement,16-21 Years,Girl,labeling/images/Final Dataset 256/Final Dataset 256/Engagement/16-21 Years/Girl/ENG_16_21_GIRL_451.jpg
Engagement__16-21-Years__Girl__ENG_16_21_GIRL_488.jpg,4,Engagement,16-21 Years,Girl,labeling/images/Final Dataset 256/Final Dataset 256/Engagement/16-21 Years/Girl/ENG_16_21_GIRL_488.jpg
Engagement__16-21-Years__Girl__ENG_16_21_GIRL_525.jpg,3,Engagement,16-21 Years,Girl,labeling/images/Final Dataset 256/Final Dataset 256/Engagement/16-21 Years/Girl/ENG_16_21_GIRL_525.jpg
Engagement__16-21-Years__Girl__ENG_16_21_GIRL_570.jpg,4,Engagement,16-21 Years,Girl,labeling/images/Final Dataset 256/Final Dataset 256/Engagement/16-21 Years/Girl/ENG_16_21_GIRL_570.jpg
Engagement__16-21-Years__Girl__ENG_16_21_GIRL_579.jpg,3,Engagement,16-21 Years,Girl,labeling/images/Final Dataset 256/Final Dataset 256/Engagement/16-21 Years/Girl/ENG_16_21_GIRL_579.jpg
Engagement__16-21-Years__Girl__ENG_16_21_GIRL_608.jpg,4,Engagement,16-21 Years,Girl,labeling/images/Final Dataset 256/Final Dataset 256/Engagement/16-21 Years/Girl/ENG_16_21_GIRL_608.jpg
Engagement__16-21-Years__Girl__ENG_16_21_GIRL_65.jpg,4,Engagement,16-21 Years,Girl,labeling/images/Final Dataset 256/Final Dataset 256/Engagement/16-21 Years/Girl/ENG_16_21_GIRL_65.jpg
Engagement__16-21-Years__Girl__ENG_16_21_GIRL_679.jpg,4,Engagement,16-21 Years,Girl,labeling/images/Final Dataset 256/Final Dataset 256/Engagement/16-21 Years/Girl/ENG_16_21_GIRL_679.jpg
Engagement__16-21-Years__Girl__ENG_16_21_GIRL_681.jpg,4,Engagement,16-21 Years,Girl,labeling/images/Final Dataset 256/Final Dataset 256/Engagement/16-21 Years/Girl/ENG_16_21_GIRL_681.jpg
Engagement__16-21-Years__Girl__ENG_16_21_GIRL_711.jpg,4,Engagement,16-21 Years,Girl,labeling/images/Final Dataset 256/Final Dataset 256/Engagement/16-21 Years/Girl/ENG_16_21_GIRL_711.jpg
Engagement__16-21-Years__Girl__ENG_16_21_GIRL_773.jpg,5,Engagement,16-21 Years,Girl,labeling/images/Final Dataset 256/Final Dataset 256/Engagement/16-21 Years/Girl/ENG_16_21_GIRL_773.jpg
Engagement__16-21-Years__Girl__ENG_16_21_GIRL_798.jpg,3,Engagement,16-21 Years,Girl,labeling/images/Final Dataset 256/Final Dataset 256/Engagement/16-21 Years/Girl/ENG_16_21_GIRL_798.jpg
Engagement__16-21-Years__Girl__ENG_16_21_GIRL_844.jpg,3,Engagement,16-21 Years,Girl,labeling/images/Final Dataset 256/Final Dataset 256/Engagement/16-21 Years/Girl/ENG_16_21_GIRL_844.jpg
Engagement__16-21-Years__Girl__ENG_16_21_GIRL_893.jpg,5,Engagement,16-21 Years,Girl,labeling/images/Final Dataset 256/Final Dataset 256/Engagement/16-21 Years/Girl/ENG_16_21_GIRL_893.jpg
Engagement__16-21-Years__Girl__ENG_16_21_GIRL_922.jpg,3,Engagement,16-21 Years,Girl,labeling/images/Final Dataset 256/Final Dataset 256/Engagement/16-21 Years/Girl/ENG_16_21_GIRL_922.jpg
Engagement__22-Above-Years__Boy__ENG_22_ABOVE_BOY_204.jpg,3,Engagement,22-Above Years,Boy,labeling/images/Final Dataset 256/Final Dataset 256/Engagement/22-Above Years/Boy/ENG_22_ABOVE_BOY_204.jpg
Engagement__22-Above-Years__Boy__ENG_22_ABOVE_BOY_310.jpg,3,Engagement,22-Above Years,Boy,labeling/images/Final Dataset 256/Final Dataset 256/Engagement/22-Above Years/Boy/ENG_22_ABOVE_BOY_310.jpg
Engagement__22-Above-Years__Boy__ENG_22_ABOVE_BOY_390.jpg,4,Engagement,22-Above Years,Boy,labeling/images/Final Dataset 256/Final Dataset 256/Engagement/22-Above Years/Boy/ENG_22_ABOVE_BOY_390.jpg
Engagement__22-Above-Years__Boy__ENG_22_ABOVE_BOY_391.jpg,4,Engagement,22-Above Years,Boy,labeling/images/Final Dataset 256/Final Dataset 256/Engagement/22-Above Years/Boy/ENG_22_ABOVE_BOY_391.jpg
Engagement__22-Above-Years__Boy__ENG_22_ABOVE_BOY_466.jpg,2,Engagement,22-Above Years,Boy,labeling/images/Final Dataset 256/Final Dataset 256/Engagement/22-Above Years/Boy/ENG_22_ABOVE_BOY_466.jpg
Engagement__22-Above-Years__Boy__ENG_22_ABOVE_BOY_550.jpg,3,Engagement,22-Above Years,Boy,labeling/images/Final Dataset 256/Final Dataset 256/Engagement/22-Above Years/Boy/ENG_22_ABOVE_BOY_550.jpg
Engagement__22-Above-Years__Boy__ENG_22_ABOVE_BOY_721.jpg,5,Engagement,22-Above Years,Boy,labeling/images/Final Dataset 256/Final Dataset 256/Engagement/22-Above Years/Boy/ENG_22_ABOVE_BOY_721.jpg
Engagement__22-Above-Years__Boy__ENG_22_ABOVE_BOY_934.jpg,3,Engagement,22-Above Years,Boy,labeling/images/Final Dataset 256/Final Dataset 256/Engagement/22-Above Years/Boy/ENG_22_ABOVE_BOY_934.jpg
Engagement__22-Above-Years__Girl__ENG_22_ABOVE_GIRL_109.jpg,3,Engagement,22-Above Years,Girl,labeling/images/Final Dataset 256/Final Dataset 256/Engagement/22-Above Years/Girl/ENG_22_ABOVE_GIRL_109.jpg
Engagement__22-Above-Years__Girl__ENG_22_ABOVE_GIRL_11.jpg,3,Engagement,22-Above Years,Girl,labeling/images/Final Dataset 256/Final Dataset 256/Engagement/22-Above Years/Girl/ENG_22_ABOVE_GIRL_11.jpg
Engagement__22-Above-Years__Girl__ENG_22_ABOVE_GIRL_24.jpg,1,Engagement,22-Above Years,Girl,labeling/images/Final Dataset 256/Final Dataset 256/Engagement/22-Above Years/Girl/ENG_22_ABOVE_GIRL_24.jpg
Engagement__22-Above-Years__Girl__ENG_22_ABOVE_GIRL_26.jpg,3,Engagement,22-Above Years,Girl,labeling/images/Final Dataset 256/Final Dataset 256/Engagement/22-Above Years/Girl/ENG_22_ABOVE_GIRL_26.jpg
Engagement__22-Above-Years__Girl__ENG_22_ABOVE_GIRL_329.jpg,3,Engagement,22-Above Years,Girl,labeling/images/Final Dataset 256/Final Dataset 256/Engagement/22-Above Years/Girl/ENG_22_ABOVE_GIRL_329.jpg
Engagement__22-Above-Years__Girl__ENG_22_ABOVE_GIRL_385.jpg,4,Engagement,22-Above Years,Girl,labeling/images/Final Dataset 256/Final Dataset 256/Engagement/22-Above Years/Girl/ENG_22_ABOVE_GIRL_385.jpg
Engagement__22-Above-Years__Girl__ENG_22_ABOVE_GIRL_427.jpg,3,Engagement,22-Above Years,Girl,labeling/images/Final Dataset 256/Final Dataset 256/Engagement/22-Above Years/Girl/ENG_22_ABOVE_GIRL_427.jpg
Engagement__22-Above-Years__Girl__ENG_22_ABOVE_GIRL_456.jpg,4,Engagement,22-Above Years,Girl,labeling/images/Final Dataset 256/Final Dataset 256/Engagement/22-Above Years/Girl/ENG_22_ABOVE_GIRL_456.jpg
Engagement__22-Above-Years__Girl__ENG_22_ABOVE_GIRL_476.jpg,4,Engagement,22-Above Years,Girl,labeling/images/Final Dataset 256/Final Dataset 256/Engagement/22-Above Years/Girl/ENG_22_ABOVE_GIRL_476.jpg
Engagement__22-Above-Years__Girl__ENG_22_ABOVE_GIRL_505.jpg,5,Engagement,22-Above Years,Girl,labeling/images/Final Dataset 256/Final Dataset 256/Engagement/22-Above Years/Girl/ENG_22_ABOVE_GIRL_505.jpg
Engagement__22-Above-Years__Girl__ENG_22_ABOVE_GIRL_52.jpg,3,Engagement,22-Above Years,Girl,labeling/images/Final Dataset 256/Final Dataset 256/Engagement/22-Above Years/Girl/ENG_22_ABOVE_GIRL_52.jpg
Engagement__22-Above-Years__Girl__ENG_22_ABOVE_GIRL_532.jpg,5,Engagement,22-Above Years,Girl,labeling/images/Final Dataset 256/Final Dataset 256/Engagement/22-Above Years/Girl/ENG_22_ABOVE_GIRL_532.jpg
Engagement__22-Above-Years__Girl__ENG_22_ABOVE_GIRL_567.jpg,3,Engagement,22-Above Years,Girl,labeling/images/Final Dataset 256/Final Dataset 256/Engagement/22-Above Years/Girl/ENG_22_ABOVE_GIRL_567.jpg
Engagement__22-Above-Years__Girl__ENG_22_ABOVE_GIRL_615.jpg,4,Engagement,22-Above Years,Girl,labeling/images/Final Dataset 256/Final Dataset 256/Engagement/22-Above Years/Girl/ENG_22_ABOVE_GIRL_615.jpg
Engagement__22-Above-Years__Girl__ENG_22_ABOVE_GIRL_622.jpg,4,Engagement,22-Above Years,Girl,labeling/images/Final Dataset 256/Final Dataset 256/Engagement/22-Above Years/Girl/ENG_22_ABOVE_GIRL_622.jpg
Engagement__22-Above-Years__Girl__ENG_22_ABOVE_GIRL_649.jpg,5,Engagement,22-Above Years,Girl,labeling/images/Final Dataset 256/Final Dataset 256/Engagement/22-Above Years/Girl/ENG_22_ABOVE_GIRL_649.jpg
Engagement__22-Above-Years__Girl__ENG_22_ABOVE_GIRL_697.jpg,4,Engagement,22-Above Years,Girl,labeling/images/Final Dataset 256/Final Dataset 256/Engagement/22-Above Years/Girl/ENG_22_ABOVE_GIRL_697.jpg
Engagement__22-Above-Years__Girl__ENG_22_ABOVE_GIRL_704.jpg,4,Engagement,22-Above Years,Girl,labeling/images/Final Dataset 256/Final Dataset 256/Engagement/22-Above Years/Girl/ENG_22_ABOVE_GIRL_704.jpg
Engagement__22-Above-Years__Girl__ENG_22_ABOVE_GIRL_711.jpg,3,Engagement,22-Above Years,Girl,labeling/images/Final Dataset 256/Final Dataset 256/Engagement/22-Above Years/Girl/ENG_22_ABOVE_GIRL_711.jpg
Engagement__22-Above-Years__Girl__ENG_22_ABOVE_GIRL_726.jpg,4,Engagement,22-Above Years,Girl,labeling/images/Final Dataset 256/Final Dataset 256/Engagement/22-Above Years/Girl/ENG_22_ABOVE_GIRL_726.jpg
Engagement__22-Above-Years__Girl__ENG_22_ABOVE_GIRL_735.jpg,4,Engagement,22-Above Years,Girl,labeling/images/Final Dataset 256/Final Dataset 256/Engagement/22-Above Years/Girl/ENG_22_ABOVE_GIRL_735.jpg
Engagement__22-Above-Years__Girl__ENG_22_ABOVE_GIRL_782.jpg,3,Engagement,22-Above Years,Girl,labeling/images/Final Dataset 256/Final Dataset 256/Engagement/22-Above Years/Girl/ENG_22_ABOVE_GIRL_782.jpg
Engagement__22-Above-Years__Girl__ENG_22_ABOVE_GIRL_870.jpg,5,Engagement,22-Above Years,Girl,labeling/images/Final Dataset 256/Final Dataset 256/Engagement/22-Above Years/Girl/ENG_22_ABOVE_GIRL_870.jpg
Engagement__22-Above-Years__Girl__ENG_22_ABOVE_GIRL_904.jpg,4,Engagement,22-Above Years,Girl,labeling/images/Final Dataset 256/Final Dataset 256/Engagement/22-Above Years/Girl/ENG_22_ABOVE_GIRL_904.jpg
Engagement__22-Above-Years__Girl__ENG_22_ABOVE_GIRL_928.jpg,4,Engagement,22-Above Years,Girl,labeling/images/Final Dataset 256/Final Dataset 256/Engagement/22-Above Years/Girl/ENG_22_ABOVE_GIRL_928.jpg
Engagement__22-Above-Years__Girl__ENG_22_ABOVE_GIRL_944.jpg,4,Engagement,22-Above Years,Girl,labeling/images/Final Dataset 256/Final Dataset 256/Engagement/22-Above Years/Girl/ENG_22_ABOVE_GIRL_944.jpg
Engagement__22-Above-Years__Girl__ENG_22_ABOVE_GIRL_948.jpg,4,Engagement,22-Above Years,Girl,labeling/images/Final Dataset 256/Final Dataset 256/Engagement/22-Above Years/Girl/ENG_22_ABOVE_GIRL_948.jpg
Engagement__5-10-Years__Boy__ENG_5_10_BOY_14.jpg,5,Engagement,5-10 Years,Boy,labeling/images/Final Dataset 256/Final Dataset 256/Engagement/5-10 Years/Boy/ENG_5_10_BOY_14.jpg
Engagement__5-10-Years__Boy__ENG_5_10_BOY_170.jpg,4,Engagement,5-10 Years,Boy,labeling/images/Final Dataset 256/Final Dataset 256/Engagement/5-10 Years/Boy/ENG_5_10_BOY_170.jpg
Engagement__5-10-Years__Boy__ENG_5_10_BOY_22.jpg,4,Engagement,5-10 Years,Boy,labeling/images/Final Dataset 256/Final Dataset 256/Engagement/5-10 Years/Boy/ENG_5_10_BOY_22.jpg
Engagement__5-10-Years__Boy__ENG_5_10_BOY_222.jpg,5,Engagement,5-10 Years,Boy,labeling/images/Final Dataset 256/Final Dataset 256/Engagement/5-10 Years/Boy/ENG_5_10_BOY_222.jpg
Engagement__5-10-Years__Boy__ENG_5_10_BOY_319.jpg,5,Engagement,5-10 Years,Boy,labeling/images/Final Dataset 256/Final Dataset 256/Engagement/5-10 Years/Boy/ENG_5_10_BOY_319.jpg
Engagement__5-10-Years__Boy__ENG_5_10_BOY_357.jpg,5,Engagement,5-10 Years,Boy,labeling/images/Final Dataset 256/Final Dataset 256/Engagement/5-10 Years/Boy/ENG_5_10_BOY_357.jpg
Engagement__5-10-Years__Boy__ENG_5_10_BOY_363.jpg,5,Engagement,5-10 Years,Boy,labeling/images/Final Dataset 256/Final Dataset 256/Engagement/5-10 Years/Boy/ENG_5_10_BOY_363.jpg
Engagement__5-10-Years__Boy__ENG_5_10_BOY_384.jpg,5,Engagement,5-10 Years,Boy,labeling/images/Final Dataset 256/Final Dataset 256/Engagement/5-10 Years/Boy/ENG_5_10_BOY_384.jpg
Engagement__5-10-Years__Boy__ENG_5_10_BOY_407.jpg,5,Engagement,5-10 Years,Boy,labeling/images/Final Dataset 256/Final Dataset 256/Engagement/5-10 Years/Boy/ENG_5_10_BOY_407.jpg
Engagement__5-10-Years__Boy__ENG_5_10_BOY_422.jpg,5,Engagement,5-10 Years,Boy,labeling/images/Final Dataset 256/Final Dataset 256/Engagement/5-10 Years/Boy/ENG_5_10_BOY_422.jpg
Engagement__5-10-Years__Boy__ENG_5_10_BOY_429.jpg,5,Engagement,5-10 Years,Boy,labeling/images/Final Dataset 256/Final Dataset 256/Engagement/5-10 Years/Boy/ENG_5_10_BOY_429.jpg
Engagement__5-10-Years__Boy__ENG_5_10_BOY_456.jpg,5,Engagement,5-10 Years,Boy,labeling/images/Final Dataset 256/Final Dataset 256/Engagement/5-10 Years/Boy/ENG_5_10_BOY_456.jpg
Engagement__5-10-Years__Boy__ENG_5_10_BOY_542.jpg,4,Engagement,5-10 Years,Boy,labeling/images/Final Dataset 256/Final Dataset 256/Engagement/5-10 Years/Boy/ENG_5_10_BOY_542.jpg
Engagement__5-10-Years__Boy__ENG_5_10_BOY_60.jpg,3,Engagement,5-10 Years,Boy,labeling/images/Final Dataset 256/Final Dataset 256/Engagement/5-10 Years/Boy/ENG_5_10_BOY_60.jpg
Engagement__5-10-Years__Boy__ENG_5_10_BOY_642.jpg,5,Engagement,5-10 Years,Boy,labeling/images/Final Dataset 256/Final Dataset 256/Engagement/5-10 Years/Boy/ENG_5_10_BOY_642.jpg
Engagement__5-10-Years__Boy__ENG_5_10_BOY_660.jpg,5,Engagement,5-10 Years,Boy,labeling/images/Final Dataset 256/Final Dataset 256/Engagement/5-10 Years/Boy/ENG_5_10_BOY_660.jpg
Engagement__5-10-Years__Boy__ENG_5_10_BOY_670.jpg,5,Engagement,5-10 Years,Boy,labeling/images/Final Dataset 256/Final Dataset 256/Engagement/5-10 Years/Boy/ENG_5_10_BOY_670.jpg
Engagement__5-10-Years__Boy__ENG_5_10_BOY_682.jpg,5,Engagement,5-10 Years,Boy,labeling/images/Final Dataset 256/Final Dataset 256/Engagement/5-10 Years/Boy/ENG_5_10_BOY_682.jpg
Engagement__5-10-Years__Boy__ENG_5_10_BOY_719.jpg,5,Engagement,5-10 Years,Boy,labeling/images/Final Dataset 256/Final Dataset 256/Engagement/5-10 Years/Boy/ENG_5_10_BOY_719.jpg
Engagement__5-10-Years__Boy__ENG_5_10_BOY_758.jpg,5,Engagement,5-10 Years,Boy,labeling/images/Final Dataset 256/Final Dataset 256/Engagement/5-10 Years/Boy/ENG_5_10_BOY_758.jpg
Engagement__5-10-Years__Boy__ENG_5_10_BOY_78.jpg,3,Engagement,5-10 Years,Boy,labeling/images/Final Dataset 256/Final Dataset 256/Engagement/5-10 Years/Boy/ENG_5_10_BOY_78.jpg
Engagement__5-10-Years__Boy__ENG_5_10_BOY_789.jpg,5,Engagement,5-10 Years,Boy,labeling/images/Final Dataset 256/Final Dataset 256/Engagement/5-10 Years/Boy/ENG_5_10_BOY_789.jpg
Engagement__5-10-Years__Boy__ENG_5_10_BOY_800.jpg,1,Engagement,5-10 Years,Boy,labeling/images/Final Dataset 256/Final Dataset 256/Engagement/5-10 Years/Boy/ENG_5_10_BOY_800.jpg
Engagement__5-10-Years__Boy__ENG_5_10_BOY_886.jpg,4,Engagement,5-10 Years,Boy,labeling/images/Final Dataset 256/Final Dataset 256/Engagement/5-10 Years/Boy/ENG_5_10_BOY_886.jpg
Engagement__5-10-Years__Boy__ENG_5_10_BOY_920.jpg,5,Engagement,5-10 Years,Boy,labeling/images/Final Dataset 256/Final Dataset 256/Engagement/5-10 Years/Boy/ENG_5_10_BOY_920.jpg
Engagement__5-10-Years__Boy__ENG_5_10_BOY_971.jpg,3,Engagement,5-10 Years,Boy,labeling/images/Final Dataset 256/Final Dataset 256/Engagement/5-10 Years/Boy/ENG_5_10_BOY_971.jpg
Engagement__5-10-Years__Boy__ENG_5_10_BOY_978.jpg,1,Engagement,5-10 Years,Boy,labeling/images/Final Dataset 256/Final Dataset 256/Engagement/5-10 Years/Boy/ENG_5_10_BOY_978.jpg
Engagement__5-10-Years__Girl__ENG_5_10_GIRL_10.jpg,3,Engagement,5-10 Years,Girl,labeling/images/Final Dataset 256/Final Dataset 256/Engagement/5-10 Years/Girl/ENG_5_10_GIRL_10.jpg
Engagement__5-10-Years__Girl__ENG_5_10_GIRL_127.jpg,5,Engagement,5-10 Years,Girl,labeling/images/Final Dataset 256/Final Dataset 256/Engagement/5-10 Years/Girl/ENG_5_10_GIRL_127.jpg
Engagement__5-10-Years__Girl__ENG_5_10_GIRL_172.jpg,4,Engagement,5-10 Years,Girl,labeling/images/Final Dataset 256/Final Dataset 256/Engagement/5-10 Years/Girl/ENG_5_10_GIRL_172.jpg
Engagement__5-10-Years__Girl__ENG_5_10_GIRL_245.jpg,2,Engagement,5-10 Years,Girl,labeling/images/Final Dataset 256/Final Dataset 256/Engagement/5-10 Years/Girl/ENG_5_10_GIRL_245.jpg
Engagement__5-10-Years__Girl__ENG_5_10_GIRL_275.jpg,4,Engagement,5-10 Years,Girl,labeling/images/Final Dataset 256/Final Dataset 256/Engagement/5-10 Years/Girl/ENG_5_10_GIRL_275.jpg
Engagement__5-10-Years__Girl__ENG_5_10_GIRL_303.jpg,4,Engagement,5-10 Years,Girl,labeling/images/Final Dataset 256/Final Dataset 256/Engagement/5-10 Years/Girl/ENG_5_10_GIRL_303.jpg
Engagement__5-10-Years__Girl__ENG_5_10_GIRL_319.jpg,4,Engagement,5-10 Years,Girl,labeling/images/Final Dataset 256/Final Dataset 256/Engagement/5-10 Years/Girl/ENG_5_10_GIRL_319.jpg
Engagement__5-10-Years__Girl__ENG_5_10_GIRL_406.jpg,3,Engagement,5-10 Years,Girl,labeling/images/Final Dataset 256/Final Dataset 256/Engagement/5-10 Years/Girl/ENG_5_10_GIRL_406.jpg
Engagement__5-10-Years__Girl__ENG_5_10_GIRL_447.jpg,3,Engagement,5-10 Years,Girl,labeling/images/Final Dataset 256/Final Dataset 256/Engagement/5-10 Years/Girl/ENG_5_10_GIRL_447.jpg
Engagement__5-10-Years__Girl__ENG_5_10_GIRL_469.jpg,5,Engagement,5-10 Years,Girl,labeling/images/Final Dataset 256/Final Dataset 256/Engagement/5-10 Years/Girl/ENG_5_10_GIRL_469.jpg
Engagement__5-10-Years__Girl__ENG_5_10_GIRL_480.jpg,5,Engagement,5-10 Years,Girl,labeling/images/Final Dataset 256/Final Dataset 256/Engagement/5-10 Years/Girl/ENG_5_10_GIRL_480.jpg
Engagement__5-10-Years__Girl__ENG_5_10_GIRL_484.jpg,3,Engagement,5-10 Years,Girl,labeling/images/Final Dataset 256/Final Dataset 256/Engagement/5-10 Years/Girl/ENG_5_10_GIRL_484.jpg
Engagement__5-10-Years__Girl__ENG_5_10_GIRL_510.jpg,5,Engagement,5-10 Years,Girl,labeling/images/Final Dataset 256/Final Dataset 256/Engagement/5-10 Years/Girl/ENG_5_10_GIRL_510.jpg
Engagement__5-10-Years__Girl__ENG_5_10_GIRL_621.jpg,4,Engagement,5-10 Years,Girl,labeling/images/Final Dataset 256/Final Dataset 256/Engagement/5-10 Years/Girl/ENG_5_10_GIRL_621.jpg
Engagement__5-10-Years__Girl__ENG_5_10_GIRL_646.jpg,4,Engagement,5-10 Years,Girl,labeling/images/Final Dataset 256/Final Dataset 256/Engagement/5-10 Years/Girl/ENG_5_10_GIRL_646.jpg
Engagement__5-10-Years__Girl__ENG_5_10_GIRL_686.jpg,5,Engagement,5-10 Years,Girl,labeling/images/Final Dataset 256/Final Dataset 256/Engagement/5-10 Years/Girl/ENG_5_10_GIRL_686.jpg
Engagement__5-10-Years__Girl__ENG_5_10_GIRL_699.jpg,4,Engagement,5-10 Years,Girl,labeling/images/Final Dataset 256/Final Dataset 256/Engagement/5-10 Years/Girl/ENG_5_10_GIRL_699.jpg
Engagement__5-10-Years__Girl__ENG_5_10_GIRL_709.jpg,3,Engagement,5-10 Years,Girl,labeling/images/Final Dataset 256/Final Dataset 256/Engagement/5-10 Years/Girl/ENG_5_10_GIRL_709.jpg
Engagement__5-10-Years__Girl__ENG_5_10_GIRL_719.jpg,4,Engagement,5-10 Years,Girl,labeling/images/Final Dataset 256/Final Dataset 256/Engagement/5-10 Years/Girl/ENG_5_10_GIRL_719.jpg
Engagement__5-10-Years__Girl__ENG_5_10_GIRL_742.jpg,5,Engagement,5-10 Years,Girl,labeling/images/Final Dataset 256/Final Dataset 256/Engagement/5-10 Years/Girl/ENG_5_10_GIRL_742.jpg
Engagement__5-10-Years__Girl__ENG_5_10_GIRL_745.jpg,5,Engagement,5-10 Years,Girl,labeling/images/Final Dataset 256/Final Dataset 256/Engagement/5-10 Years/Girl/ENG_5_10_GIRL_745.jpg
Engagement__5-10-Years__Girl__ENG_5_10_GIRL_752.jpg,5,Engagement,5-10 Years,Girl,labeling/images/Final Dataset 256/Final Dataset 256/Engagement/5-10 Years/Girl/ENG_5_10_GIRL_752.jpg
Engagement__5-10-Years__Girl__ENG_5_10_GIRL_753.jpg,5,Engagement,5-10 Years,Girl,labeling/images/Final Dataset 256/Final Dataset 256/Engagement/5-10 Years/Girl/ENG_5_10_GIRL_753.jpg
Engagement__5-10-Years__Girl__ENG_5_10_GIRL_81.jpg,3,Engagement,5-10 Years,Girl,labeling/images/Final Dataset 256/Final Dataset 256/Engagement/5-10 Years/Girl/ENG_5_10_GIRL_81.jpg
Engagement__5-10-Years__Girl__ENG_5_10_GIRL_862.jpg,4,Engagement,5-10 Years,Girl,labeling/images/Final Dataset 256/Final Dataset 256/Engagement/5-10 Years/Girl/ENG_5_10_GIRL_862.jpg
Engagement__5-10-Years__Girl__ENG_5_10_GIRL_901.jpg,2,Engagement,5-10 Years,Girl,labeling/images/Final Dataset 256/Final Dataset 256/Engagement/5-10 Years/Girl/ENG_5_10_GIRL_901.jpg
Engagement__5-10-Years__Girl__ENG_5_10_GIRL_904.jpg,2,Engagement,5-10 Years,Girl,labeling/images/Final Dataset 256/Final Dataset 256/Engagement/5-10 Years/Girl/ENG_5_10_GIRL_904.jpg
Engagement__5-10-Years__Girl__ENG_5_10_GIRL_905.jpg,2,Engagement,5-10 Years,Girl,labeling/images/Final Dataset 256/Final Dataset 256/Engagement/5-10 Years/Girl/ENG_5_10_GIRL_905.jpg
